Name,Set,Pic,AltSet,M15 Display Set,Rarity,Collector Number
Forest,APL,APACa,,,,
Forest,APL,APACb,,,,
Forest,APL,APACc,,,,
Island,APL,APACa,,,,
Island,APL,APACb,,,,
Island,APL,APACc,,,,
Mountain,APL,APACa,,,,
Mountain,APL,APACb,,,,
Mountain,APL,APACc,,,,
Plains,APL,APACa,,,,
Plains,APL,APACb,,,,
Plains,APL,APACc,,,,
Swamp,APL,APACa,,,,
Swamp,APL,APACb,,,,
Swamp,APL,APACc,,,,
Arc Lightning,ARE,,DCI,,R,
Ashnod's Coupon,ARE,,DCI,,R,14\8 different.
Bonesplitter,ARE,,DCI,,R,8\8 A03
Booster Tutor,ARE,,DCI,,R,11\8 A04 completely
Castigate,ARE,,DCI,,R,6\11 A06
Chill,ARE,,6ED,,R,60\350
Circle of Protection: Art,ARE,,DCI,,R,9\8 A04 is
Coiling Oracle,ARE,,DCI,,R,8\11 A06
Creeping Mold,ARE,,ARE,,U,
Darksteel Ingot,ARE,,DCI,,R,6\8 A04
Dauthi Slayer,ARE,,DCI,,R,
Diabolic Edict,ARE,,ARE,,U,
Disenchant,ARE,,PR2,,C,
Dismiss,ARE,,ARE,,U,
Duress,ARE,,USG,,C,132\350
Elvish Aberration,ARE,,DCI,,R,7\8 A03
Empyrial Armor,ARE,,ARE,,U,
Enlightened Tutor,ARE,,6ED,,U,19\350
Fireball,ARE,,PR2,,C,
Fling,ARE,,ARE,,U,
Forest,ARE,1996,PR2,,C,
Forest,ARE,1999,USG,,C,347\350
Forest,ARE,2000,MMQ,,C,349\350
Forest,ARE,2003,DCI,,R,5\8 A03
Forest,ARE,2004,DCI,,R,5\8 A04
Forest,ARE,2005,DCI,,R,5\8 A05
Forest,ARE,2006,DCI,,R,5\8 A06
Forest,ARE,2001a,ARE,,U,
Forest,ARE,2001b,ARE,,U,
Gaea's Blessing,ARE,,ARE,,U,
Genju of the Spires,ARE,,DCI,,R,6\8 A05
Glacial Ray,ARE,,DCI,,R,8\8 A04
Goblin Mime,ARE,,DCI,,R,12\8 A04 message
Granny's Payback,ARE,,DCI,,R,13\8 A04 secret
Island,ARE,1996,PR2,,C,
Island,ARE,1999,USG,,C,338\350
Island,ARE,2000,MMQ,,C,338\350
Island,ARE,2003,DCI,,R,2\8 A03
Island,ARE,2004,DCI,,R,2\8 A04
Island,ARE,2005,DCI,,R,2\8 A05
Island,ARE,2006,DCI,,R,2\8 A06
Island,ARE,2001a,ARE,,U,
Island,ARE,2001b,ARE,,U,
"Karn, Silver Golem",ARE,,USG,,R,298\350
Mana Leak,ARE,,DCI,,R,
Man-o'-War,ARE,,ARE,,U,
Mise,ARE,,DCI,,R,10\8 A04 This
Mountain,ARE,1996,PR2,,C,
Mountain,ARE,1999,USG,,C,344\350
Mountain,ARE,2000,MMQ,,C,346\350
Mountain,ARE,2001,ARE,,U,
Mountain,ARE,2003,DCI,,R,4\8 A03
Mountain,ARE,2004,DCI,,R,4\8 A04
Mountain,ARE,2005,DCI,,R,4\8 A05
Mountain,ARE,2006,DCI,,R,4\8 A06
Okina Nightwatch,ARE,,DCI,,R,7\8 A05
Pillage,ARE,,6ED,,U,198\350
Plains,ARE,1996,PR2,,C,
Plains,ARE,1999,USG,,C,334\350
Plains,ARE,2000,MMQ,,C,334\350
Plains,ARE,2001,ARE,,U,
Plains,ARE,2003,DCI,,R,1\8 A03
Plains,ARE,2004,DCI,,R,1\8 A04
Plains,ARE,2005,DCI,,R,1\8 A05
Plains,ARE,2006,DCI,,R,1\8 A06
Pouncing Jaguar,ARE,,USG,,C,269\350
Rewind,ARE,,USG,,C,93\350
Serum Visions,ARE,,DCI,,R,7\8 A04
Skirk Marauder,ARE,,DCI,,R,6\8 A03
Skittering Skirge,ARE,,USG,,C,158\350
Skyknight Legionnaire,ARE,,DCI,,R,8\8 A05
Stupor,ARE,,6ED,,U,158\350
Surging Flame,ARE,,DCI,,R,9\11 A06
Swamp,ARE,1996,PR2,,C,
Swamp,ARE,1999,USG,,C,341\350
Swamp,ARE,2000,MMQ,,C,340\350
Swamp,ARE,2001,ARE,,U,
Swamp,ARE,2003,DCI,,R,3\8 A03
Swamp,ARE,2004,DCI,,R,3\8 A04
Swamp,ARE,2005,DCI,,R,3\8 A05
Swamp,ARE,2006,DCI,,R,3\8 A06
Uktabi Orangutan,ARE,,6ED,,U,260\350
Wee Dragonauts,ARE,,DCI,,R,7\11 A06
1996 World Champion,CC,,,,,
Blood Knight,CHP,,MIN,,R,
Bramblewood Paragon,CHP,,MIN,,R,
"Doran, the Siege Tower",CHP,,MIN,,R,
Electrolyze,CHP,,MIN,,R,
Groundbreaker,CHP,,MIN,,R,
Imperious Perfect,CHP,,MIN,,R,
Mutavault,CHP,,MIN,,R,
"Niv-Mizzet, the Firemind",CHP,,MIN,,R,
Rakdos Guildmage,CHP,,MIN,,R,
Serra Avenger,CHP,,MIN,,R,
Urza's Factory,CHP,,MIN,,R,
Voidslime,CHP,,MIN,,R,
Fated Intervention,CP1,,MIN,CP1,,
Font of Fertility,CP1,,MIN,CP1,,
Hydra Broodmaster,CP1,,MIN,CP1,,
Prognostic Sphinx,CP1,,MIN,CP1,,
Prophet of Kruphix,CP1,,MIN,CP1,,
Temple of Mystery,CP1,,MIN,CP1,,
Courser of Kruphix,CP2,,MIN,CP2,,
Hero's Downfall,CP2,,MIN,CP2,,
Necropolis Fiend,CP2,,MIN,CP2,,
Reaper of the Wilds,CP2,,MIN,CP2,,
Sultai Ascendancy,CP2,,MIN,CP2,,
Whip of Erebos,CP2,,MIN,CP2,,
"Dromoka, the Eternal",CP3,,MIN,CP3,,
"Dromoka, the Eternal",MIN,,MIN,CP3,,4\6
Honored Hierarch,CP3,,MIN,CP3,,
Sandsteppe Citadel,CP3,,MIN,CP3,,
Seeker of the Way,CP3,,MIN,CP3,,
Siege Rhino,CP3,,MIN,CP3,,
Valorous Stance,CP3,,MIN,CP3,,
Aeronaut Tinkerer,CVP,,M15,M15,C,43\269
Ajani Steadfast,CVP,,M15,M15,M,
"Ajani, Caller of the Pride",CVP,,M14,,M,1\249
Bloodthrone Vampire,CVP,,MIN,,C,2011
"Chandra, Fire of Kaladesh",CVP,,ORI,ORI,M,
"Chandra, Flamecaller",CVP,,OGW,,,
"Chandra, Pyromaster",CVP,1,M14,,M,132\249
"Chandra, Pyromaster",CVP,2,M15,M15,M,
"Chandra, Roaring Flame",CVP,,ORI,ORI,M,
Chandra's Fury,CVP,,MIN,,C,2013
Char,CVP,,DCI,,R,2008
"Garruk, Apex Predator",CVP,,M15,M15,M,
"Garruk, Caller of Beasts",CVP,,M14,,M,172\249
"Gideon, Ally of Zendikar",CVP,,BFZ,BFZ,M,
"Gideon, Battle-Forged",CVP,,ORI,ORI,M,
"Jace, Memory Adept",CVP,,M14,,M,60\249
"Jace, Telepath Unbound",CVP,,ORI,ORI,M,
"Jace, the Living Guildpact",CVP,,M15,M15,M,
"Jace, Unraveler of Secrets",CVP,,SOI,SOI,,
"Jace, Vryn's Prodigy",CVP,,ORI,ORI,M,
"Kamahl, Pit Fighter",CVP,,10E,,,
Kor Skyfisher,CVP,,,,,2010
"Kytheon, Hero of Akros",CVP,,ORI,ORI,M,
Liliana of the Dark Realms,CVP,,M14,,M,102\249
Liliana Vess,CVP,,M15,M15,M,
"Liliana, Defiant Necromancer",CVP,,ORI,ORI,M,
"Liliana, Heretical Healer",CVP,,ORI,ORI,M,
"Liliana, the Last Hope",CVP,,EMN,EMN,,
Merfolk Mesmerist,CVP,,MIN,,C,2012
"Nissa, Sage Animist",CVP,,ORI,ORI,M,
"Nissa, Vastwood Seer",CVP,,ORI,ORI,M,
"Nissa, Voice of Zendikar",CVP,,OGW,OGW,,
"Nissa, Worldwaker",CVP,,M15,M15,M,
Stealer of Secrets,CVP,,MIN,,C,2014
Steward of Valeron,CVP,,MIN,,C,2009
Soul of Ravnica,D15,,M15,M15,M,078\269
Soul of Zendikar,D15,,M15,M15,M,078\269
Forest,EUL,Euroa,,,,
Forest,EUL,Eurob,,,,
Forest,EUL,Euroc,,,,
Island,EUL,Euroa,,,,
Island,EUL,Eurob,,,,
Island,EUL,Euroc,,,,
Mountain,EUL,Euroa,,,,
Mountain,EUL,Eurob,,,,
Mountain,EUL,Euroc,,,,
Plains,EUL,Euroa,,,,
Plains,EUL,Eurob,,,,
Plains,EUL,Euroc,,,,
Swamp,EUL,Euroa,,,,
Swamp,EUL,Eurob,,,,
Swamp,EUL,Euroc,,,,
Birds of Paradise,FBP,,M11,,R,
Cathedral of War,FBP,,M13,,R,
Celestial Colonnade,FBP,,WWK,,R,
Chandra's Phoenix,FBP,,M12,,R,
Day of Judgment,FBP,,ZEN,,R,
Devil's Play,FBP,,ISD,,R,
Eidolon of Blossoms,FBP,,JOU,,R,
Fated Conflagration,FBP,,BNG,,R,
Goblin Rabblemaster,FBP,,M15,M15,R,145\269
Gravecrawler,FBP,,DKA,,R,
Guul Draz Assassin,FBP,,ROE,,R,
Honor of the Pure,FBP,,M10,,R,
Memoricide,FBP,,SOM,,R,
Mirran Crusader,FBP,,MBS,,R,
Nightveil Specter,FBP,,GTC,,R,
Ojutai's Command,FBP,,DTK,DTK,R,
Ratchet Bomb,FBP,,M14,,R,
Rattleclaw Mystic,FBP,,KTK,KTK,R,144\269
Relic Seeker,FBP,,ORI,ORI,R,
Render Silent,FBP,,DGM,,R,
Shamanic Revelation,FBP,,FRF,FRF,R,
Silverblade Paladin,FBP,,AVR,,R,
Supreme Verdict,FBP,,RTR,,R,
Surgical Extraction,FBP,,NPH,,R,
Sylcan Caryatid,FBP,,THS,,R,
"Thalia, Heretic Cathar",FBP,,EMN,EMN,R,
Abzan Beastmaster,FNM,,MIN,FNM,R,
Accumulated Knowledge,FNM,,DCI,FNM,R,
Acidic Slime,FNM,,DCI,FNM,R,
Albino Troll,FNM,,DCI,FNM,R,
Anathemancer,FNM,,DCI,FNM,R,
Ancient Grudge,FNM,,DCI,FNM,R,
Ancient Ziggurat,FNM,,DCI,FNM,R,
Armadillo Cloak,FNM,,DCI,FNM,R,
Arrogant Wurm,FNM,,DCI,FNM,R,
Artisan of Kozilek,FNM,,MIN,FNM,R,
Astral Slide,FNM,,DCI,FNM,R,
Aura of Silence,FNM,,DCI,FNM,R,
Avacyn's Pilgrim,FNM,,DCI,FNM,R,
Avalanche Riders,FNM,,DCI,FNM,R,
Banisher Priest,FNM,,MIN,FNM,R,
Banishing Light,FNM,,MIN,FNM,R,
Basking Rootwalla,FNM,,DCI,FNM,R,
Bile Blight,FNM,,MIN,FNM,R,
Black Knight,FNM,,DCI,FNM,R,
Blastoderm,FNM,,DCI,FNM,R,
Bloodbraid Elf,FNM,,DCI,FNM,R,
Bottle Gnomes,FNM,,DCI,FNM,R,
Brain Maggot,FNM,,MIN,FNM,R,
Brainstorm,FNM,,DCI,FNM,R,
Browbeat,FNM,,DCI,FNM,R,
Cabal Coffers,FNM,,DCI,FNM,R,
Cabal Therapy,FNM,,DCI,FNM,R,
Call of the Conclave,FNM,,MIN,FNM,R,
Capsize,FNM,,DCI,FNM,R,
Carnophage,FNM,,DCI,FNM,R,
Carrion Feeder,FNM,,DCI,FNM,R,
Chainer's Edict,FNM,,DCI,FNM,R,
Circle of Protection: Red,FNM,,DCI,FNM,R,
Circular Logic,FNM,,DCI,FNM,R,
Cloudpost,FNM,,DCI,FNM,R,
Contagion Clasp,FNM,,MIN,FNM,R,
Counterspell,FNM,,DCI,FNM,R,
Crystalline Sliver,FNM,,DCI,FNM,R,
Cultivate,FNM,,MIN,FNM,R,
Death,FNM,,MIN,FNM,R,
Deep Analysis,FNM,,DCI,FNM,R,
Desert,FNM,,DCI,FNM,R,
Despise,FNM,,DCI,FNM,R,
Dimir Charm,FNM,,MIN,FNM,R,
Disdainful Stroke,FNM,,MIN,FNM,R,
Disenchant,FNM,,DCI,FNM,R,
Dismember,FNM,,DCI,FNM,R,
Dissipate,FNM,,DCI,FNM,R,
Dissolve,FNM,,MIN,FNM,R,
Drain Life,FNM,,DCI,FNM,R,
Duress,FNM,,DCI,FNM,R,
Elves of Deep Shadow,FNM,,DCI,FNM,R,
Elvish Mystic,FNM,,MIN,FNM,R,
Elvish Visionary,FNM,,DCI,FNM,R,
Encroaching Wastes,FNM,,MIN,FNM,R,
Engineered Plague,FNM,,DCI,FNM,R,
Eternal Witness,FNM,,DCI,FNM,R,
Everflowing Chalice,FNM,,MIN,FNM,R,
Evolving Wilds,FNM,,DCI,FNM,R,
Experiment One,FNM,,MIN,FNM,R,
Fact or Fiction,FNM,,DCI,FNM,R,
Fanatic of Xenagos,FNM,,MIN,FNM,R,
Farseek,FNM,,MIN,FNM,R,
Fire,FNM,,DCI,FNM,R,
Fire/Ice,FNM,,DCI,FNM,R,
Fireblast,FNM,,DCI,FNM,R,
Firebolt,FNM,,DCI,FNM,R,
Fireslinger,FNM,,DCI,FNM,R,
Flametongue Kavu,FNM,,DCI,FNM,R,
Flaying Tendrils,FNM,,MIN,FNM,R,9\12
Forbid,FNM,,DCI,FNM,R,
Forbidden Alchemy,FNM,,DCI,FNM,R,
Force Spike,FNM,,DCI,FNM,R,
Frenzied Goblin,FNM,,MIN,FNM,R,
Frost Walker,FNM,,MIN,FNM,R,
Gatekeeper of Malakir,FNM,,MIN,FNM,R,
Gerrard's Verdict,FNM,,DCI,FNM,R,
Ghor-Clan Rampager,FNM,,MIN,FNM,R,
Ghostly Prison,FNM,,DCI,FNM,R,
Giant Growth,FNM,,DCI,FNM,R,
Gitaxian Probe,FNM,,DCI,FNM,R,
Glistener Elf,FNM,,MIN,FNM,R,
Go for the Throat,FNM,,MIN,FNM,R,
Goblin Bombardment,FNM,,DCI,FNM,R,
Goblin Legionnaire,FNM,,DCI,FNM,R,
Goblin Ringleader,FNM,,DCI,FNM,R,
Goblin Warchief,FNM,,DCI,FNM,R,
Grisly Salvage,FNM,,MIN,FNM,R,
Hordeling Outburst,FNM,,MIN,FNM,R,
Ice,FNM,,DCI,FNM,R,
Icy Manipulator,FNM,,DCI,FNM,R,
Impulse,FNM,,DCI,FNM,R,
Isochron Scepter,FNM,,DCI,FNM,R,
Izzet Charm,FNM,,MIN,FNM,R,
Jace's Ingenuity,FNM,,MIN,FNM,R,
Jackal Pup,FNM,,DCI,FNM,R,
Judge's Familiar,FNM,,MIN,FNM,R,
Juggernaut,FNM,,DCI,FNM,R,
Kird Ape,FNM,,DCI,FNM,R,
Kitchen Finks,FNM,,DCI,FNM,R,
Krosan Grip,FNM,,DCI,FNM,R,
Krosan Tusker,FNM,,DCI,FNM,R,
Krosan Warchief,FNM,,DCI,FNM,R,
Life,FNM,,MIN,FNM,R,
Life/Death,FNM,,DCI,FNM,R,
Lightning Greaves,FNM,,DCI,FNM,R,
Lightning Rift,FNM,,DCI,FNM,R,
Lingering Souls,FNM,,DCI,FNM,R,
Llanowar Elves,FNM,,DCI,FNM,R,
Lobotomy,FNM,,DCI,FNM,R,
Longbow Archer,FNM,,6ED,FNM,U,
Magma Jet,FNM,,DCI,FNM,R,
Magma Spray,FNM,,MIN,FNM,R,7\12
Merrow Reejerey,FNM,,DCI,FNM,R,
Mind Warp,FNM,,6ED,FNM,U,
Mogg Fanatic,FNM,,DCI,FNM,R,
Mother of Runes,FNM,,DCI,FNM,R,
Mulldrifter,FNM,,DCI,FNM,R,
Murderous Redcap,FNM,,DCI,FNM,R,
Muscle Sliver,FNM,,DCI,FNM,R,
Myr Enforcer,FNM,,DCI,FNM,R,
Oblivion Ring,FNM,,DCI,FNM,R,
Ophidian,FNM,,DCI,FNM,R,
Path to Exile,FNM,,MIN,FNM,R,
Pendelhaven,FNM,,DCI,FNM,R,
Pillar of Flame,FNM,,DCI,FNM,R,
Priest of Titania,FNM,,DCI,FNM,R,
Prodigal Sorcerer,FNM,,DCI,FNM,R,
Qasali Pridemage,FNM,,DCI,FNM,R,
Quirion Ranger,FNM,,DCI,FNM,R,
Rakdos Cackler,FNM,,MIN,FNM,R,
Rancor,FNM,,DCI,FNM,R,
Reanimate,FNM,,DCI,FNM,R,
Reliquary Tower,FNM,,MIN,FNM,R,
Remand,FNM,,DCI,FNM,R,
Resurrection,FNM,,DCI,FNM,R,
Rhox War Monk,FNM,,MIN,FNM,R,
Rift Bolt,FNM,,MIN,FNM,R,
River Boa,FNM,,6ED,FNM,U,
Roar of the Wurm,FNM,,DCI,FNM,R,
Sakura-Tribe Elder,FNM,,DCI,FNM,R,
Savage Lands,FNM,,MIN,FNM,R,
Scragnoth,FNM,,DCI,FNM,R,
Seal of Cleansing,FNM,,DCI,FNM,R,
Searing Spear,FNM,,MIN,FNM,R,
Serrated Arrows,FNM,,DCI,FNM,R,
Shock,FNM,,6ED,FNM,C,
Shrapnel Blast,FNM,,DCI,FNM,R,
Silver Knight,FNM,,DCI,FNM,R,
Sin Collector,FNM,,MIN,FNM,R,
Slice and Dice,FNM,,DCI,FNM,R,
Smother,FNM,,DCI,FNM,R,
Soltari Priest,FNM,,DCI,FNM,R,
Sparksmith,FNM,,DCI,FNM,R,
Spellstutter Sprite,FNM,,MIN,FNM,R,
Spike Feeder,FNM,,DCI,FNM,R,
Squadron Hawk,FNM,,MIN,FNM,R,
Srtum Visions,FNM,,MIN,FNM,R,
Staunch Defenders,FNM,,6ED,FNM,U,
Stoke the Flames,FNM,,MIN,FNM,R,
Stone Rain,FNM,,DCI,FNM,R,
Suspension Field,FNM,,MIN,FNM,R,
Swords to Plowshares,FNM,,DCI,FNM,R,
Tectonic Edge,FNM,,DCI,FNM,R,
Teetering Peaks,FNM,,MIN,FNM,R,
Tendrils of Agony,FNM,,DCI,FNM,R,
Terminate,FNM,,DCI,FNM,R,
Terror,FNM,,6ED,FNM,C,
Thirst for Knowledge,FNM,,DCI,FNM,R,
Tidehollow Sculler,FNM,,DCI,FNM,R,
Tormented Hero,FNM,,MIN,FNM,R,
Tormod's Crypt,FNM,,DCI,FNM,R,
Treetop Village,FNM,,DCI,FNM,R,
Volcanic Geyser,FNM,,6ED,FNM,U,
Wall of Blossoms,FNM,,DCI,FNM,R,
Wall of Omens,FNM,,MIN,FNM,R,
Wall of Roots,FNM,,DCI,FNM,R,
Warleader's Helix,FNM,,MIN,FNM,R,
Watchwolf,FNM,,DCI,FNM,R,
Whipcorder,FNM,,DCI,FNM,R,
White Knight,FNM,,DCI,FNM,R,
Wild Mongrel,FNM,,DCI,FNM,R,
Wild Nacatl,FNM,,MIN,FNM,R,
Willbender,FNM,,DCI,FNM,R,
Wing Shards,FNM,,DCI,FNM,R,
Withered Wretch,FNM,,DCI,FNM,R,
Wonder,FNM,,DCI,FNM,R,
Wren's Run Vanquisher,FNM,,DCI,FNM,R,
Bonescythe Sliver,GAM,,M14,,M,1\3
Frost Titan,GAM,,PR1,,M,Duels 2012
Garruk Wildspeaker,GAM,,XBX,,M,XBLA 2009
Grave Titan,GAM,,PR1,,M,XBLA 2012
Inferno Titan,GAM,,PR1,,M,PS3 2012
Liliana Vess,GAM,,PR1,,M,PS3 2010
Nissa Revane,GAM,,PR1,,M,Duels 2010
Ogre Battledriver,GAM,,M14,,M,2\3
Primordial Hydra,GAM,,M13,,M,XBLA 2013
Scavenging Ooze,GAM,,M14,,M,3\3
Serra Avatar,GAM,,M13,,M,Duels 2013
Soul of Ravnica,GAM,,M15,D15,M,078\269
Soul of Zendikar,GAM,,M15,D15,M,078\269
Vampire Nocturnus,GAM,,M13,,M,PS3 2013
Auramancer,GTW,,MIN,,R,
Bloodcrazed Neonate,GTW,,MIN,,R,
Boggart Ram-Gang,GTW,,DCI,,R,
Boneyard Wurm,GTW,,MIN,,R,
Boomerang,GTW,,DCI,,R,
Calciderm,GTW,,DCI,,R,
Cenn's Tactician,GTW,,DCI,,R,
Circle of Flame,GTW,,MIN,,R,
Curse of the Bloody Tome,GTW,,MIN,,R,
Curse of Thirst,GTW,,DCI,,R,
Curse of Wizardry,GTW,,DCI,,R,
Dauntless Dourbark,GTW,,DCI,,R,
Drench the Soil in Their Blood,GTW,,DCI,,R,
Duergar Hedge-Mage,GTW,,DCI,,R,
Fiery Temper,GTW,,DCI,,R,
Fling,GTW,,DCI,,R,
Gather the Townsfolk,GTW,,DCI,,R,
Golem's Heart,GTW,,MIN,,R,
Gravedigger,GTW,,DCI,,R,
Hellspark Elemental,GTW,,DCI,,R,
Horizon Boughs,GTW,,DCI,,R,
Icatian Javelineers,GTW,,DCI,,R,
Imprison This Insolent Wretch,GTW,,DCI,,R,
Kor Duelist,GTW,,DCI,,R,
Kor Firewalker,GTW,,DCI,,R,
Lava Axe,GTW,,DCI,,R,
Leatherback Baloth,GTW,,DCI,,R,
Llanowar Elves,GTW,,DCI,,R,
Marisi's Twinclaws,GTW,,DCI,,R,
Master's Call,GTW,,MIN,,R,
Maul Splicer,GTW,,MIN,,R,
Mind Control,GTW,,DCI,,R,
Mind Stone,GTW,,DCI,,R,
Mirrored Depths,GTW,,DCI,,R,
Mogg Fanatic,GTW,,DCI,,R,
Nearheath Stalker,GTW,,DCI,,R,100\158
Oona's Blackguard,GTW,,DCI,,R,
Path to Exile,GTW,,DCI,,R,
Pathrazer of Ulamog,GTW,,DCI,,R,
Perhaps You've Met My Cohort,GTW,,DCI,,R,
Plague Myr,GTW,,MIN,,R,
Plague Stinger,GTW,,MIN,,R,
Reckless Wurm,GTW,,DCI,,R,
Rise from the Grave,GTW,,DCI,,R,
Selkie Hedge-Mage,GTW,,DCI,,R,
Shrine of Burning Rage,GTW,,MIN,,R,
Signal Pest,GTW,,MIN,,R,
Skinrender,GTW,,MIN,,R,
Slave of Bolas,GTW,,DCI,,R,
Sprouting Thrinax,GTW,,DCI,,R,
Sylvan Ranger,GTW,1,DCI,,R,51 DCI
Sylvan Ranger,GTW,2,DCI,,R,70 DCI
Syphon Mind,GTW,,MIN,,R,
Tember City,GTW,,DCI,,R,
Tormented Soul,GTW,,MIN,,R,
Vampire Nighthawk,GTW,,DCI,,R,
Vault Skirge,GTW,,MIN,,R,
Wilt-Leaf Cavaliers,GTW,,DCI,,R,
Wood Elves,GTW,,DCI,,R,
Woolly Thoctar,GTW,,DCI,,R,
Yixlid Jailer,GTW,,DCI,,R,
Your Inescapable Doom,GTW,,DCI,,R,
Zoetic Cavern,GTW,,DCI,,R,
Forest,GUR,Guru,GUR,,R,
Island,GUR,Guru,GUR,,R,
Mountain,GUR,Guru,GUR,,R,
Plains,GUR,Guru,GUR,,R,
Swamp,GUR,Guru,GUR,,R,
Mishra's Toy Workshop,H14,,MIN,H14,M,1\1
Goblin Sleigh Ride,H15,,MIN,H15,M,1\1
Evil Presents,HHL,,MIN,,R,HH 2008
Fruitcake Elemental,HHL,,MIN,,U,HH 2006
Gifts Given,HHL,,MIN,,U,HH 2007
Goblin Sleigh Ride,HHL,,MIN,H15,M,1\1
Mishra's Toy Workshop,HHL,,MIN,H14,M,1\1
Naughty,HHL,,MIN,,R,HH 2012
Naughty/Nice,HHL,,MIN,,R,HH 2012
Nice,HHL,,MIN,,R,HH 2012
Season's Beatings,HHL,,MIN,,R,HH 2009
Snow Mercy,HHL,,,,,HH 2010
Stocking Tiger,HHL,,MIN,,R,HH 2013
Yule Ooze,HHL,,MIN,,R,HH 2011
Bow of the Hunter,HRO,7e,JOU,,C,
Argothian Enchantress,JGC,,DCI,,R,
Armageddon,JGC,,DCI,,R,
"Azusa, Lost but Seeking",JGC,,MIN,J16,M,
Balance,JGC,,DCI,,R,
Ball Lightning,JGC,,DCI,,R,
Bitterblossom,JGC,,DCI,,R,
Bloodstained Mire,JGC,,DCI,,R,
Burning Wish,JGC,,DCI,,R,
Command Beacon,JGC,,MIN,J16,M,
Command Tower,JGC,,MIN,,R,
Counterspell,JGC,,DCI,,R,
Cunning Wish,JGC,,DCI,,R,
Dark Confidant,JGC,,MIN,,R,
Dark Ritual,JGC,,DCI,,R,
Decree of Justice,JGC,,DCI,,R,
Demonic Tutor,JGC,,DCI,,R,
Deranged Hermit,JGC,,DCI,,R,
Doubling Season,JGC,,MIN,,R,
Dualcaster Mage,JGC,,MIN,J15,R,6\8
Exalted Angel,JGC,,DCI,,R,
Feldon of the Third Path,JGC,,MIN,J15,M,
Flooded Strand,JGC,,DCI,,R,
Flusterstorm,JGC,,MIN,,R,
Forest,JGC,,MIN,,R,5\5
Gaea's Cradle,JGC,,USG,,R,
Gemstone Mine,JGC,,DCI,,R,
Goblin Piledriver,JGC,,DCI,,R,
Goblin Welder,JGC,,MIN,,R,
Grim Lavamancer,JGC,,DCI,,R,
Hammer of Bogardan,JGC,,DCI,,R,
Hermit Druid,JGC,,DCI,,R,
Intuition,JGC,,DCI,,R,
Island,JGC,,MIN,,R,2\5
Karmic Guide,JGC,,DCI,,R,
Land Tax,JGC,,DCI,,R,
Lightning Bolt,JGC,,,,,
Living Death,JGC,,DCI,,R,
Living Wish,JGC,,DCI,,R,
Mana Crypt,JGC,,MIN,,R,
Mana Drain,JGC,,MIN,J16,M,
Maze of Ith,JGC,,DCI,,R,
Meddling Mage,JGC,,DCI,,R,
Memory Lapse,JGC,,6ED,,C,
Mind's Desire,JGC,,DCI,,R,
Mishra's Factory,JGC,,DCI,,R,
Morphling,JGC,,DCI,,R,
Mountain,JGC,,MIN,,R,4\5
Natural Order,JGC,,DCI,,R,
Oath of Druids,JGC,,DCI,,R,
Orim's Chant,JGC,,DCI,,R,
Pernicious Deed,JGC,,DCI,,R,
Phyrexian Dreadnought,JGC,,DCI,,R,
Phyrexian Negator,JGC,,DCI,,R,
Plains,JGC,,MIN,,R,1\5
Polluted Delta,JGC,,DCI,,R,
Ravages of War,JGC,,MIN,J15,R,4\8
Ravenous Baloth,JGC,,DCI,,R,
Regrowth,JGC,,DCI,,R,
Rishadan Port,JGC,,MIN,J15,R,3\8
Sinkhole,JGC,,DCI,,R,
Sneak Attack,JGC,,MIN,,R,
Sol Ring,JGC,,DCI,,R,
Stifle,JGC,,DCI,,R,
Stroke of Genius,JGC,,USG,,R,
Survival of the Fittest,JGC,,DCI,,R,
Swamp,JGC,,MIN,,R,3\5
Sword of Fire and Ice,JGC,,MIN,,R,
Sword of Light and Shadow,JGC,,MIN,,R,
Temporal Manipulation,JGC,,MIN,J15,R,1\8
Thawing Glaciers,JGC,,DCI,,R,
Time Warp,JGC,,DCI,,R,
Tradewind Rider,JGC,,DCI,,R,
Vampiric Tutor,JGC,,DCI,,R,
Vendilion Clique,JGC,,DCI,,R,
Vindicate,JGC,1,DCI,,R,
Vindicate,JGC,2,DCI,J16,R,
Wasteland,JGC,1,DCI,,R,
Wasteland,JGC,2,DCI,J15,R,8\8
Wheel of Fortune,JGC,,DCI,,R,
Windswept Heath,JGC,,DCI,,R,
Wooded Foothills,JGC,,DCI,,R,
"Xiahou Dun, the One-Eyed",JGC,,MIN,,R,
Yawgmoth's Will,JGC,,DCI,,R,
City of Brass,JUN,,DCI,,R,
Crusade,JUN,,DCI,,R,
Elvish Champion,JUN,E,DCI,,R,
Elvish Champion,JUN,U,DCI,,R,
Elvish Lyrist,JUN,,DCI,,R,
Giant Growth,JUN,,DCI,,R,
Glorious Anthem,JUN,E,DCI,,R,
Glorious Anthem,JUN,J,DCI,,R,
Glorious Anthem,JUN,U,DCI,,R,
Lord of Atlantis,JUN,,DCI,,R,
Mad Auntie,JUN,,DCI,,R,
Royal Assassin,JUN,E,DCI,,R,
Royal Assassin,JUN,U,DCI,,R,
Sakura-Tribe Elder,JUN,E,DCI,,R,
Sakura-Tribe Elder,JUN,J,DCI,,R,
Sakura-Tribe Elder,JUN,U,DCI,,R,
Serra Avatar,JUN,,USG,,R,
Shard Phoenix,JUN,E,DCI,,R,
Shard Phoenix,JUN,J,DCI,,R,
Shard Phoenix,JUN,U,DCI,,R,
Slith Firewalker,JUN,E,DCI,,R,
Slith Firewalker,JUN,U,DCI,,R,
Soltari Priest,JUN,E,DCI,,R,
Soltari Priest,JUN,J,DCI,,R,
Soltari Priest,JUN,U,DCI,,R,
Thran Quarry,JUN,,USG,,R,
Two-Headed Dragon,JUN,,DCI,,R,
Volcanic Hammer,JUN,,JUN,,R,
Whirling Dervish,JUN,E,DCI,,R,
Whirling Dervish,JUN,J,DCI,,R,
Whirling Dervish,JUN,U,DCI,,R,
Bird,LGE,,DGM,,T,1\1
Goblin,LGE,,M13,,T,1\1
Knight,LGE,,RTR,,T,1\1
Minotaur,LGE,,JOU,,T,1\1
Monk,LGE,,FRF,FRF,T,1\1
Sliver,LGE,,M14,,T,1\1
Soldier,LGE,1,THS,,T,1\1
Soldier,LGE,2,GTC,,T,1\1
Soldier,LGE,3,THS,,T,1\1
Squid,LGE,,M15,M15,T,1\1
Warrior,LGE,,KTK,KTK,T,1\1
Anguished Unmaking,MGD,,SOI,SOI,R,
Anguished Unmaking,MGD,,SOI,SOI,,
Black Sun's Zenith,MGD,,,,,
Chief Engineer,MGD,,M15,M15,R,47\269
Conclave Naturalists,MGD,,ORI,ORI,R,171\272
Cryptborn Horror,MGD,,RTR,,R,242\274
Deathless Angel,MGD,,,,,49 DCI
Dictate of Kruphix,MGD,,JOU,,R,37\165
Diregraf Ghoul,MGD,,,,,97\264
Dryad Militant,MGD,,RTR,,U,214\274
Dungrove Elder,MGD,,,,,80 DCI
Elite Inquisitor,MGD,,,,,13\264
Emeria Angel,MGD,,,,,35 DCI
Firemane Avenger,MGD,,GTC,,R,163\249
Goblin Diplomats,MGD,,M14,,R,
Hada Freeblade,MGD,,,,,38 DCI
Hall of Triumph,MGD,,JOU,,R,162\165
Heir of the Wilds,MGD,,KTK,KTK,U,134\269
Heron's Grace Champion,MGD,,EMN,EMN,,
Hive Stirrings,MGD,,M14,,C,21\249
Incorrigible Youths,MGD,,SOI,SOI,U,
Kalastria Highborn,MGD,,,,,39 DCI
Killing Wave,MGD,,AVR,,R,
Kiora's Follower,MGD,,BNG,,U,
Languish,MGD,,ORI,ORI,R,105\274
Latch Seeker,MGD,,AVR,,U,63\244
Liliana's Specter,MGD,,,,,52 DCI
Magmaquake,MGD,,M13,,R,
Mardu Shadowspear,MGD,,FRF,FRF,U,74\185
"Melek, Izzet Paragon",MGD,,DGM,,R,84\156
Memnite,MGD,,,,,61 DCI
Mitotic Slime,MGD,,,,,53 DCI
Mwonvuli Beast Tracker,MGD,,M13,,U,172\249
Mycoid Shepherd,MGD,,,,,28 DCI
Myr Superion,MGD,,,,,75 DCI
Naya Sojourners,MGD,,,,,
Nighthowler,MGD,,THS,,R,
Nissa's Chosen,MGD,,,,,34 DCI
Pain Seer,MGD,,BNG,,R,
Phalanx Leader,MGD,,THS,,U,26\249
Priest of Urabrask,MGD,,,,,25 DCI
Pristine Talisman,MGD,,MRN,,C,151\175
Radiant Flames,MGD,,BFZ,BFZ,R,151\274
Reclamation Sage,MGD,,M15,M15,U,194\269
Reya Dawnbringer,MGD,,10E,,R,35\383
Scaleguard Sentinels,MGD,,DTK,DTK,U,201\264
Squelching Leeches,MGD,,JOU,,U,84\165
Staggershock,MGD,,,,,
Stasis Snare,MGD,,BFZ,BFZ,U,50\274
Stormblood Berserker,MGD,,,,,
Strangleroot Geist,MGD,,DKA,DKA,U,127\158
Supplant Form,MGD,,FRF,FRF,R,54\185
Suture Priest,MGD,,NPH,,C,25\175
Tempered Steel,MGD,,,,,62 DCI
The Champion,MGD,,JOU,,C,9
The Slayer,MGD,,THS,,C,3
The Vanquisher,MGD,,BNG,,C,6
Thunderbreak Regent,MGD,,DTK,DTK,R,162\264
Treasure Mage,MGD,,,,,67 DCI
Trostani's Summoner,MGD,,DGM,,U,
Unsubstantiate,MGD,,EMN,EMN,,
Utter End,MGD,,KTK,KTK,R,210\269
Zameck Guildmage,MGD,,GTC,,U,
Zombie Apocalypse,MGD,,DKA,,R,80\158
Acquire,MIN,,IDW,,R,
"Alhammarret, High Arbiter",MIN,,ORI,ORI,,
Ankle Shanker,MIN,,KTK,KTK,R,164\269
Arashin Sovereign,MIN,,DTK,DTK,,
Archfiend of Depravity,MIN,,FRF,FRF,,
Arena,MIN,,BIN,,C,
Arrest,MIN,,IDW,,R,
Avalanche Tusker,MIN,,KTK,KTK,R,166\269
Barrage Tyrant,MIN,,BFZ,BFZ,,
Blue Elemental Blast,MIN,,,,,
Boltwing Marauder,MIN,,DTK,DTK,,
Breath of Malfegor,MIN,,IDW,,R,
Consume Spirit,MIN,,IDW,,R,
Corrupt,MIN,,IDW,,R,
Defiant Bloodlord,MIN,,BFZ,BFZ,,
Dragon Fodder,MIN,,DTK,DTK,C,135\264
Dragonlord's Servant,MIN,,DTK,DTK,U,138\264
Dragonscale General,MIN,,FRF,FRF,,
Duress,MIN,,IDW,,R,
Electrolyze,MIN,,IDW,,R,
Evolving Wilds,MIN,,DTK,DTK,C,248\264
Faithless Looting,MIN,,IDW,,R,
Feast of Blood,MIN,,IDW,,R,
Fireball,MIN,,,,,
Foe-Razer Regent,MIN,,DTK,DTK,R,187\264
"Garruk, Apex Predator",MIN,,M15,M15,M,
Gaze of Granite,MIN,,IDW,,R,
Genesis Hydra,MIN,,PRM,PRM,R,176\269
Giant Badger,MIN,,BIN,,C,
Goblin Rabblemaster,MIN,,M15,M15,R,145\269
High Tide,MIN,,IDW,,R,
Jace Beleren,MIN,,BIN,,M,
Lightning Hounds,MIN,,PR3,,U,
Mana Crypt,MIN,,BIN,,C,
Nalathni Dragon,MIN,,DGC,,R,
Ogre Arsonist,MIN,,IDW,,R,
Phyrexian Rager,MIN,,APC,,C,
Scent of Cinder,MIN,,UDS,,C,
Sewers of Estark,MIN,,BIN,,C,
Silver Drake,MIN,,PLS,,C,
Spined Wurm,MIN,,,,,
Standstill,MIN,,IDW,,R,
Treasure Hunt,MIN,,IDW,,R,
Turnabout,MIN,,IDW,,R,
Voidmage Husher,MIN,,IDW,,R,
Warmonger,MIN,,PR3,,U,
Wash Out,MIN,,IDW,,R,
Windseeker Centaur,MIN,,BIN,,C,
Bituminous Blast,MPR,,,,,
Blightning,MPR,,,,,
Brave the Elements,MPR,,,,,
Burst Lightning,MPR,,,,,
Cancel,MPR,,,,,
Celestial Purge,MPR,,,,,
Condemn,MPR,,,,,
Corrupt,MPR,,,,,
Cruel Edict,MPR,,,,,
Cryptic Command,MPR,,,,,
Damnation,MPR,,,,,
Day of Judgment,MPR,,,,,
Disenchant,MPR,,,,,
Doom Blade,MPR,,,,,
Fireball,MPR,,,,,
Flame Javelin,MPR,,,,,
Giant Growth,MPR,,,,,
Harmonize,MPR,,,,,
Harrow,MPR,,,,,
Hinder,MPR,,,,,
Hypnotic Specter,MPR,,DCI,,R,
Incinerate,MPR,,,,,
Infest,MPR,,,,,
Lightning Bolt,MPR,,,,,
Lightning Helix,MPR,,,,,
Mana Leak,MPR,,,,,
Mana Tithe,MPR,,,,,
Mortify,MPR,,,,,
Nameless Inversion,MPR,,,,,
Negate,MPR,,,,,
Oxidize,MPR,,,,,
Ponder,MPR,,,,,
Powder Keg,MPR,,DCI,,R,
Psionic Blast,MPR,,,,,
Psychatog,MPR,,DCI,,R,
Putrefy,MPR,,,,,
Pyroclasm,MPR,,,,,
Rampant Growth,MPR,,,,,
Reciprocate,MPR,,,,,
Recollect,MPR,,,,,
Remove Soul,MPR,,,,,
Searing Blaze,MPR,,,,,
Sign in Blood,MPR,,,,,
Terminate,MPR,,,,,
Terror,MPR,,,,,
Tidings,MPR,,,,,
Treasure Hunt,MPR,,,,,
Unmake,MPR,,,,,
Voidmage Prodigy,MPR,,DCI,,R,
Volcanic Fallout,MPR,,,,,
Wasteland,MPR,,DCI,,R,
Wrath of God,MPR,,,,,
Zombify,MPR,,,,,
Bear,PR1,,INV,,T,
Beast,PR1,,INV,,T,
Bird,PR1,,INV,,T,
Elephant,PR1,,INV,,T,
Goblin Soldier,PR1,,INV,,T,
Saproling,PR1,,INV,,T,
Spirit,PR1,,INV,,T,
Dragon,PR2,,ONS,,T,
Elephant,PR2,,ODY,,T,
Soldier,PR2,,ONS,,T,
Squirrel,PR2,,ODY,,T,
Wurm,PR2,,ODY,,T,
Zombie,PR2,,ODY,,T,
Bear,PR3,,ONS,,T,
Demon,PR3,,MRD,,T,
Goblin,PR3,,LGN,,T,
Insect,PR3,,ONS,,T,
Rukh,PR3,,8ED,,T,
Sliver,PR3,,LGN,,T,
Angel,PR4,,SCG,,T,
Beast,PR4,,DST,,T,
Myr,PR4,,5DN,,T,
Pentavite,PR4,,MRD,,T,
Spirit,PR4,,CHK,,T,
Abbot of Keral Keep,PRE,,ORI,,R,127\272
Abhorrent Overlord,PRE,,THS,,R,
Abhorrent Overlord,PRE,,THS,,,
Abzan Ascendancy,PRE,,KTK,,R,160\269
Abzan Ascendancy,PRE,,KTK,,,
Ajani Vengeant,PRE,,ALA,,M,154\249
Akoum Firebird,PRE,,BFZ,,,
Akoum Hellkite,PRE,,BFZ,,,
"Alesha, Who Smiles at Death",PRE,,FRF,,,
"Alhammarret, High Arbiter",PRE,,ORI,,,
Aligned Hedron Network,PRE,,BFZ,,,
Allosaurus Rider,PRE,,CSP,,R,
Ally Encampment,PRE,,BFZ,,,
Altered Ego,PRE,,SOI,,,
Always Watching,PRE,,SOI,,,
"Anafenza, Kin-Tree Spirit",PRE,,DTK,,,
"Anafenza, the Foremost",PRE,,KTK,,R,163\269
Angel,PRE,,AVR,,T,*1\8
Angel of Deliverance,PRE,,SOI,,,
Angelic Captain,PRE,,BFZ,,,
Anguished Unmaking,PRE,,SOI,,,
Ankle Shanker,PRE,,KTK,,R,164\269
"Anthousa, Setessan Hero",PRE,,THS,,R,
Arashin Foremost,PRE,,DTK,,,
Arashin Sovereign,PRE,,DTK,,,
Arbiter of the Ideal,PRE,,BNG,,R,31\165
Arcbond,PRE,,FRF,,,
Archangel Avacyn,PRE,,SOI,,,
Archdemon of Greed,PRE,,DKA,,R,
Archfiend of Depravity,PRE,,FRF,,,
Archon of the Triumvirate,PRE,,RTR,,R,142\274
Arlinn Kord,PRE,,SOI,,,
Assault Formation,PRE,,DTK,,,
Assembled Alphas,PRE,,EMN,,,
Asylum Visitor,PRE,,SOI,,,
"Atarka, World Render",PRE,,FRF,,,
Atarka's Command,PRE,,DTK,,,
Avacyn's Judgment,PRE,,SOI,,,
Avalanche Tusker,PRE,,KTK,,R,166\269
Avatar of Discord,PRE,,DIS,,R,
Avatar of Hope,PRE,,PCY,,R,3\143
Avatar of the Resolute,PRE,,DTK,,,
Axe of the Warmonger,PRE,7d,JOU,,C,
"Ayli, Eternal Pilgrim",PRE,,OGW,,,
Barrage Tyrant,PRE,,BFZ,,,
Bearer of Silence,PRE,,OGW,,,
Beast of Burden,PRE,,ULG,,R,122\143
Beastcaller Savant,PRE,,BFZ,,,
Bedlam Reveler,PRE,,EMN,,,
Behold the Beyond,PRE,,SOI,,,
Berserkers' Onslaught,PRE,,DTK,,,
Blessed Reincarnation,PRE,,DTK,,,
Blight Herder,PRE,,BFZ,,,
Blood-Chin Fanatic,PRE,,DTK,,,
Bloodhall Priest,PRE,,EMN,,,
Bloodlord of Vaasgoth,PRE,,M12,,M,82\249
Bloodsoaked Champion,PRE,,KTK,,R,66\269
Boltwing Marauder,PRE,,DTK,,,
Brain in a Jar,PRE,,SOI,,,
Bring to Light,PRE,,BFZ,,,
Brood Butcher,PRE,,BFZ,,,
"Bruna, the Fading Light",PRE,,EMN,,,
Brutal Expulsion,PRE,,BFZ,,,
Brutal Hordechief,PRE,,FRF,,,
Burn from Within,PRE,,SOI,,,
Butcher of the Horde,PRE,,KTK,,R,168\269
Bygone Bishop,PRE,,SOI,,,
Call the Gatewatch,PRE,,OGW,,,
Canopy Vista,PRE,,BFZ,,,
Captain's Claws,PRE,,OGW,,,
Carnival Hellsteed,PRE,,RTR,,R,147\274
Celestial Archon,PRE,,THS,,R,3\249
Celestine Reef,PRE,,DCI,,R,42 DCI
"Chandra, Fire of Kaladesh",PRE,,ORI,,M,
"Chandra, Flamecaller",PRE,,OGW,,,
"Chandra, Roaring Flame",PRE,,ORI,,M,
Chandra's Ignition,PRE,,ORI,,,
Choked Estuary,PRE,,SOI,,,
Cinder Glade,PRE,,BFZ,,,
Cloak of the Philosopher,PRE,7b,JOU,,C,
Clone Legion,PRE,,DTK,,,
Coax from the Blind Eternities,PRE,,EMN,,,
Collected Company,PRE,,DTK,,,
Collective Brutality,PRE,,EMN,,,
Collective Defiance,PRE,,EMN,,,
Collective Effort,PRE,,EMN,,,
Comet Storm,PRE,,WWK,,M,
Commune with Lava,PRE,,DTK,,,
Conduit of Ruin,PRE,,BFZ,,,
Confirm Suspicions,PRE,,SOI,,,
Consuming Aberration,PRE,,GTC,,R,152\249
Corpsejack Menace,PRE,,RTR,,R,155\274
Corpseweft,PRE,,DTK,,,
Corrupted Crossroads,PRE,,OGW,,,
Corrupted Grafstone,PRE,,SOI,,,
Crackling Doom,PRE,,KTK,,R,171\269
Crater Elemental,PRE,,DTK,,,
Crater's Claws,PRE,,KTK,,R,106\269
Crush of Tentacles,PRE,,OGW,,,
Cryptbreaker,PRE,,EMN,,,
Cryptolith Rite,PRE,,SOI,,,
Daghatar the Adamant,PRE,,FRF,,,
Damnable Pact,PRE,,DTK,,,
Dark Petition,PRE,,ORI,,,
Dark Salvation,PRE,,EMN,,,
Dawnbringer Charioteers,PRE,,JOU,,R,6\165
Deathbringer Regent,PRE,,DTK,DK,,
Deathcap Cultivator,PRE,,SOI,,,
Deathmist Raptor,PRE,,DTK,,,
Deceiver of Form,PRE,,OGW,,,
Decimator of the Provinces,PRE,,EMN,,,
Declaration in Stone,PRE,,SOI,,,
Deepfathom Skulker,PRE,,OGW,,,
Defiant Bloodlord,PRE,,BFZ,,,
Deflecting Palm,PRE,,KTK,,R,173\269
Demigod of Revenge,PRE,,SHM,,R,
Demon,PRE,,AVR,,T,*5/8
Den Protector,PRE,,DTK,,,
Deploy the Gatewatch,PRE,,EMN,,,
Descend upon the Sinful,PRE,,SOI,,,
Descent of the Dragons,PRE,,DTK,,,
Desolation Twin,PRE,,BFZ,,,
Despoiler of Souls,PRE,,ORI,,,
Devils' Playground,PRE,,SOI,,,
Dig Through Time,PRE,,KTK,,R,36\269
Dimensional Infiltrator,PRE,,OGW,,,
Diregraf Colossus,PRE,,SOI,,,
Dirtcowl Wurm,PRE,,TMP,,C,
Distended Mindbender,PRE,,EMN,,,
Djinn Illuminatus,PRE,,GPT,,R,142\165
Docent of Perfection,PRE,,EMN,,,
Doomwake Giant,PRE,,JOU,,R,66\165
Door of Destinies,PRE,,MOR,,R,143\150
Dragon Broodmother,PRE,,ARB,,M,53\145
Dragon Tempest,PRE,,DTK,,,
Dragon Whisperer,PRE,,DTK,,,
Dragonlord Atarka,PRE,,DTK,,,
Dragonlord Dromoka,PRE,,DTK,,,
Dragonlord Kolaghan,PRE,,DTK,,,
Dragonlord Ojutai,PRE,,DTK,,,
Dragonlord Silumgar,PRE,,DTK,,,
Dragonlord's Prerogative,PRE,,DTK,,,
Dragonmaster Outcast,PRE,,BFZ,,,
Dragonscale General,PRE,,FRF,,,
Dragon-Style Twins,PRE,,KTK,,R,108\269
"Drana, Liberator of Malakir",PRE,,BFZ,,,
Drana's Chosen,PRE,,OGW,,,
Dread Defiler,PRE,,OGW,,,
Drogskol Cavalry,PRE,,SOI,,,
"Dromoka, the Eternal",PRE,,FRF,,,
Dromoka's Command,PRE,,DTK,,,
Drowner of Hope,PRE,,BFZ,,,
Drownyard Temple,PRE,,SOI,,,
Duneblast,PRE,,KTK,,R,174\269
Dust Stalker,PRE,,BFZ,,,
"Dwynen, Gilt-Leaf Daen",PRE,,ORI,,,
Eater of Hope,PRE,,BNG,,R,
Eerie Interlude,PRE,,SOI,,,
Elder Deep-Fiend,PRE,,EMN,,,
Eldrazi Displacer,PRE,,OGW,,,
Eldrazi Mimic,PRE,,OGW,,,
Eldrazi Obligator,PRE,,OGW,,,
Eldritch Evolution,PRE,,EMN,,,
Elusive Tormentor,PRE,,SOI,,,
Ember Swallower,PRE,,THS,,R,
Embermaw Hellion,PRE,,ORI,,,
Emeria Shepherd,PRE,,BFZ,,,
"Emrakul, the Aeons Torn",PRE,,ROE,,M,4\248
"Emrakul, the Promised End",PRE,,EMN,,,
"Emrakul, the Promised End",PRE,,EMN,,,
Emrakul's Evangel,PRE,,EMN,,,
Endbringer,PRE,,OGW,,,
Endless One,PRE,,BFZ,,,
Engulf the Shore,PRE,,SOI,,,
Epiphany at the Drownyard,PRE,,SOI,,,
Eternal Scourge,PRE,,EMN,,,
Ever After,PRE,,SOI,,,
Evolutionary Leap,PRE,,ORI,,,
Exert Influence,PRE,,BFZ,,,
Exquisite Firecraft,PRE,,ORI,,,
Falkenrath Gorger,PRE,,SOI,,,
Fall of the Titans,PRE,,OGW,,,
False Prophet,PRE,,UDS,,C,6\143
Fathom Feeder,PRE,,BFZ,,,
Fathom Mage,PRE,,GTC,,R,162\249
Felidar Sovereign,PRE,,BFZ,,,
Feral Throwback,PRE,,LGN,,R,126\145
Fevered Visions,PRE,,SOI,,,
Flameblade Angel,PRE,,SOI,,,
Flamerush Rider,PRE,,FRF,,,
Flamewake Phoenix,PRE,,FRF,,,
Flying Crane Technique,PRE,,KTK,,R,176\269
Foe-Razer Regent,PRE,,DTK,,,187\264
Foreboding Ruins,PRE,,SOI,,,
Forgestoker Dragon,PRE,,BNG,,R,
Forgotten Creation,PRE,,SOI,,,
Fortified Village,PRE,,SOI,,,
Foul Renewal,PRE,,DTK,,,
Foundry Champion,PRE,,GTC,,R,165\249
From Beyond,PRE,,BFZ,,,
From Under the Floorboards,PRE,,SOI,,,
Fungal Shambler,PRE,,APC,,R,100\143
Gaea's Revenge,PRE,,ORI,,,
Game Trail,PRE,,SOI,,,
Garruk the Slayer,PRE,,M15,,S,1\1
Geier Reach Bandit,PRE,,SOI,,,
Geier Reach Sanitarium,PRE,,EMN,,,
General Tazri,PRE,,OGW,,,
Geralf's Masterpiece,PRE,,SOI,,,
"Gideon, Ally of Zendikar",PRE,,BFZ,,,
"Gideon, Battle-Forged",PRE,,ORI,,M,
Gideon's Phalanx,PRE,,ORI,,,
Gilt-Leaf Winnower,PRE,,ORI,,,
Gisa and Geralf,PRE,,EMN,,,
"Gisela, the Broken Blade",PRE,,EMN,,,
Gladehart Cavalry,PRE,,OGW,,,
Gleam of Authority,PRE,,DTK,,,
Gleancrawler,PRE,,RAV,,R,247\306
"Glissa, the Traitor",PRE,,MBS,,M,96\155
Glory,PRE,,JUD,,R,11\143
Goblin Dark-Dwellers,PRE,,OGW,,,
Goblin Piledriver,PRE,,ORI,,,
Goldnight Castigator,PRE,,SOI,,,
Graveblade Marauder,PRE,,ORI,,,
Greenwarden of Murasa,PRE,,BFZ,,,
Grim Flayer,PRE,,EMN,,,
Grim Haruspex,PRE,,KTK,,R,73\269
Grove of the Guardian,PRE,,RTR,,R,240\274
Gruesome Slaughter,PRE,,BFZ,,,
Guardian of Tazeem,PRE,,BFZ,,,
Guul Draz Overseer,PRE,,BFZ,,,
Hanweir Battlements,PRE,,EMN,,,
Hanweir Garrison,PRE,,EMN,,,
Hanweir Militia Captain,PRE,,SOI,,,
Harbinger of the Hunt,PRE,,DTK,,,
Harbinger of the Tides,PRE,,ORI,,,
Hardened Scales,PRE,,KTK,,R,133\269
Harmless Offering,PRE,,EMN,,,
Harness the Storm,PRE,,SOI,,,
Haven of the Spirit Dragon,PRE,,DTK,,,
Hedonist's Trove,PRE,,DTK,,,
Hedron Alignment,PRE,,OGW,,,
Helm of Kaldra,PRE,,5DN,,R,131\165
Herald of Anafenza,PRE,,KTK,,R,12\269
Hero of Bladehold,PRE,,MBS,,M,8\155
Hero of Goma Fada,PRE,,BFZ,,,
Heroes' Bane,PRE,,JOU,,R,126\165
Heron's Grace Champion,PRE,,EMN,,,
Hidden Dragonslayer,PRE,,DTK,,,
High Sentinels of Arashin,PRE,,KTK,,R,13\269
Hissing Quagmire,PRE,,OGW,,,
"Hixus, Prison Warden",PRE,,ORI,,,
Honored Hierarch,PRE,,ORI,,,
Howlpack Alpha,PRE,,ISD,,R,193b\264
Hypersonic Dragon,PRE,,RTR,,R,170\274
Icefall Regent,PRE,,DTK,,,
Icy Blast,PRE,,KTK,,R,42\269
Identity Thief,PRE,,EMN,,,
Illusory Gains,PRE,,DTK,,,
Impetuous Devils,PRE,,EMN,,,
Imprisoned in the Moon,PRE,,EMN,,,
Indulgent Tormentor,PRE,,M15,,R,101\269
Inexorable Blob,PRE,,SOI,,,
"Ink-Eyes, Servant of Oni",PRE,,BOK,,R,
Inverter of Truth,PRE,,OGW,,,
Invocation of Saint Traft,PRE,,SOI,,,
Ire Shaman,PRE,,DTK,,,
"Ishkanah, Grafwidow",PRE,,EMN,,,
Ivorytusk Fortress,PRE,,KTK,,R,179\269
Ivorytusk Fortress,PRE,,KTK,,,
"Jace, Telepath Unbound",PRE,,ORI,,M,
"Jace, Unraveler of Secrets",PRE,,SOI,,,
"Jace, Vryn's Prodigy",PRE,,ORI,,M,
Jeering Instigator,PRE,,KTK,,R,113\269
Jeering Instigator,PRE,,KTK,,,
Jeskai Ascendacy,PRE,,KTK,,R,180\269
Jeskai Ascendancy,PRE,,KTK,,,
Jeskai Infiltrator,PRE,,KTK,,,
"Jori En,Ruin Diver",PRE,,OGW,,,
"Kalitas, Traitor of Ghet",PRE,,OGW,,,
Kheru Lich Lord,PRE,,KTK,,R,182\269
"Kiora, Master of the Depths",PRE,,BFZ,,,
"Kiyomaro, First to Stand",PRE,,SOK,,R,18\165
Knight of the White Orchid,PRE,,ORI,,,
"Kolaghan, the Storm's Fury",PRE,,FRF,,,
Kolaghan's Command,PRE,,DTK,,,
"Korlash, Heir to Blackblade",PRE,,FUT,,R,87\180
"Kothophed, Soul Hoarder",PRE,,ORI,,,
"Kozilek, the Great Distortion",PRE,,OGW,,,
Kozilek's Return,PRE,,OGW,,,
"Kytheon, Hero of Akros",PRE,,ORI,,M,
Kytheon's Irregulars,PRE,,ORI,,,
Languish,PRE,,ORI,,,
Lantern Scout,PRE,,BFZ,,,
Laquatus's Champion,PRE,,TOR,,R,
Lash of the Tyrant,PRE,7c,JOU,,C,
Lightning Dragon,PRE,,UDS,,R,2002\350
"Liliana, Defiant Necromancer",PRE,,ORI,,M,
"Liliana, Heretical Healer",PRE,,ORI,,M,
"Liliana, the Last Hope",PRE,,EMN,,,
"Linvala, the Preserver",PRE,,OGW,,,
Living Lore,PRE,,DTK,,,
Lotus Bloom,PRE,,TSP,,R,259\301
"Lu Bu, Master-at-Arms",PRE,1,PTK,,R,115\180
"Lu Bu, Master-at-Arms",PRE,2,PTK,,R,115\180
Lumbering Falls,PRE,,BFZ,,,
Lupine Prototype,PRE,,EMN,,,
Madu Ascendacy,PRE,,KTK,,R,185\269
Malfegor,PRE,,CFX,,M,117\145
Managorger Hydra,PRE,,ORI,,,
March from the Tomb,PRE,,BFZ,,,
Mardu Ascendancy,PRE,,KTK,,,
Mardu Strike Leader,PRE,,KTK,,,
Markov Dreadknight,PRE,,SOI,,,
Master of Pearls,PRE,,KTK,,R,18\269
Mastery of the Unseen,PRE,,FRF,,,
Matter Reshaper,PRE,,OGW,,,
Mausoleum Wanderer,PRE,,EMN,,,
Mayor of Avabruck,PRE,,ISD,,R,193a\264
Maze's End,PRE,,DGM,,M,152\156
Megantic Sliver,PRE,,M14,,R,185\249
Mercurial Pretender,PRE,,M15,,R,68\269
"Mina and Denn, Wildborn",PRE,,OGW,,,
Mind's Dilation,PRE,,EMN,,,
Mindwrack Demon,PRE,,SOI,,,
Mirror Mockery,PRE,,DTK,,,
Mirrorpool,PRE,,OGW,,,
Mirrorwing Dragon,PRE,,EMN,,,
Mizzium Meddler,PRE,,ORI,,,
Monstrous Hound,PRE,,EXO,,R,89\143
Moonsilver Spear,PRE,,AVR,,R,217\244
"Munda, Ambush Leader",PRE,,BFZ,,,
Munda's Vanguard,PRE,,OGW,,,
Myth Realized,PRE,,DTK,,,
"Nahiri, the Harbinger",PRE,,SOI,,,
Nahiri's Wrath,PRE,,EMN,,,
Narset Transcendent,PRE,,DTK,,,
"Narset, Enlightened Master",PRE,,KTK,,M,190\269
Necromaster Dragon,PRE,,DTK,,,
Necropolis Fiend,PRE,,KTK,,R,82\269
Needle Spires,PRE,,OGW,,,
Nephalia Moondrakes,PRE,,SOI,,,
Nessian Wilds Ravager,PRE,,BNG,,R,129\165
Niblis of Frost,PRE,,EMN,,,
"Nissa, Sage Animist",PRE,,ORI,,M,
"Nissa, Vastwood Seer",PRE,,ORI,,M,
"Nissa, Voice of Zendikar",PRE,,OGW,,,
Nissa's Renewal,PRE,,BFZ,,,
Nissa's Revelation,PRE,,ORI,,,
Noosegraf Mob,PRE,,EMN,,,
"Noyan Dar, Roil Shaper",PRE,,BFZ,,,
Oath of Chandra,PRE,,OGW,,,
Oath of Gideon,PRE,,OGW,,,
Oath of Jace,PRE,,OGW,,,
Oath of Liliana,PRE,,EMN,,,
Oath of Nissa,PRE,,OGW,,,
Ob Nixilis Reignited,PRE,,BFZ,,,
Oblivion Sower,PRE,,BFZ,,,
Obscuring AEther,PRE,,DTK,,,
"Odric, Lunarch Marshal",PRE,,SOI,,,
Ojutai Exemplars,PRE,,DTK,,,
"Ojutai, Soul of Winter",PRE,,FRF,,,
Ojutai's Command,PRE,,DTK,,,
"Olivia, Mobilized for War",PRE,,SOI,,,
"Omnath, Locus of Rage",PRE,,BFZ,,,
Oran-Rief Hydra,PRE,,BFZ,,,
"Oros, the Avenger",PRE,,PLC,,R,161\165
Outland Colossus,PRE,,ORI,,,
Overbeing of Myth,PRE,,EVE,,R,157\180
Overbeing of Myth,PRE,,EVE,,,
Overtaker,PRE,,MMQ,,R,89\350
Overwhelming Denial,PRE,,OGW,,,
Painful Truths,PRE,,BFZ,,,
Part the Waterveil,PRE,,BFZ,,,
Permeating Mass,PRE,,EMN,,,
Phytotitan,PRE,,M15,,R,191\269
Pia and Kiran Nalaar,PRE,,ORI,,,
Pitiless Horde,PRE,,DTK,,,
Plains,PRE,,DGM,,C,1\1
Planar Outburst,PRE,,BFZ,,,
Plots That Span Centuries,PRE,,DCI,,R,54 DCI
Port Town,PRE,,SOI,,,
Prairie Stream,PRE,,BFZ,,,
Priest of the Blood Rite,PRE,,ORI,,,
Prism Array,PRE,,BFZ,,,
Pristine Skywise,PRE,,DTK,,,
Prized Amalgam,PRE,,SOI,,,
Profaner of the Dead,PRE,,DTK,,,
Profound Journey,PRE,,DTK,,,
Providence,PRE,,EMN,,,
Quarantine Field,PRE,,BFZ,,,
Questing Phelddagrif,PRE,,PLS,,R,119\143
Questing Phelddagrif,PRE,,PLS,,,
Radiant Flames,PRE,,BFZ,,,
Radiant Purge,PRE,,DTK,,,
Raging Kavu,PRE,,INV,,R,262\350
Rakshasa Vizier,PRE,,KTK,,R,193\269
Rally the Ancestors,PRE,,FRF,,,
Rampaging Baloths,PRE,,ZEN,,M,178\249
Rathi Assassin,PRE,,NMS,,R,
Rattlechains,PRE,,SOI,,,
Rattleclaw Mystic,PRE,,KTK,,R,144\269
Ravenous Demon,PRE,,DKA,,R,
Reality Smasher,PRE,,OGW,,,
Relentless Dead,PRE,,SOI,,,
Relic Seeker,PRE,,ORI,,,
Remorseless Punishment,PRE,,OGW,,,
Resolute Archangel,PRE,,M15,,R,28\269
Revenant,PRE,,STH,,C,
Risen Executioner,PRE,,DTK,,,
Rubblehulk,PRE,,GTC,,R,19\249
Ruinous Path,PRE,,BFZ,,,
Ruins of Oran-Rief,PRE,,OGW,,,
"Ryusei, the Falling Star",PRE,,CHK,,R,
Sage of Ancient Lore,PRE,,SOI,,,
Sage of the Inward Eye,PRE,,KTK,,R,195\269
Sage-Eye Avengers,PRE,,FRF,,,
Sanctifier of Souls,PRE,,EMN,,,
Sanctum of Ugin,PRE,,BFZ,,,
Sandsteppe Mastodon,PRE,,FRF,,,
Sarkhan Unbroken,PRE,,DTK,,,
Scab-Clan Berserker,PRE,,ORI,,,
Scatter to the Winds,PRE,,BFZ,,,
Scourge of Fleets,PRE,,JOU,,R,51\165
Scourge of Fleets,PRE,,JOU,,R,51\165
Scourge Wolf,PRE,,SOI,,,
Sea Gate Wreckage,PRE,,OGW,,,
Seasons Past,PRE,,SOI,,,
Second Harvest,PRE,,SOI,,,
Secure the Wastes,PRE,,DTK,,,
Selfless Spirit,PRE,,EMN,,,
Serpentine Spike,PRE,,BFZ,,,
Shaman of Forgotten Ways,PRE,,DTK,,,
Shaman of the Great Hunt,PRE,,FRF,,,
Shamanic Revelation,PRE,,FRF,,,
Shambling Vent,PRE,,BFZ,,,
"Sheoldred, Whispering One",PRE,,NPH,,M,73\175
Shield of Kaldra,PRE,,DST,,R,139\165
Shipbreaker Kraken,PRE,,THS,,R,63\429
Shorecrasher Elemental,PRE,,DTK,,,
Shrine of the Forsaken Gods,PRE,,BFZ,,,
"Shu Yun, the Silent Tempest",PRE,,FRF,,,
"Sidisi, Brood Tyrant",PRE,,KTK,,M,199\269
"Sidisi, Undead Vizier",PRE,,DTK,,,
Siege Dragon,PRE,,M15,,R,162\269
Siege Rhino,PRE,,KTK,,R,200\269
Sifter of Skulls,PRE,,OGW,,,
"Sigarda, Heron's Grace",PRE,,SOI,,,
Sigarda's Aid,PRE,,EMN,,,
Silent Sentinel,PRE,,BNG,,R,26\165
Silent Specter,PRE,,ONS,,R,
Silumgar Assassin,PRE,,DTK,,,
"Silumgar, the Drifting Death",PRE,,FRF,,,
Silumgar's Command,PRE,,DTK,,,
Silverfur Partisan,PRE,,SOI,,,
Sin Prodder,PRE,,SOI,,,
Sire of Stagnation,PRE,,BFZ,,,
Slayer's Plate,PRE,,SOI,,,
Smoldering Marsh,PRE,,BFZ,,,
Smothering Abomination,PRE,,BFZ,,,
"Sorin, Grim Nemesis",PRE,,SOI,,,
Soul Collector,PRE,,SCG,,R,
Soul Separator,PRE,,EMN,,,
Soul Swallower,PRE,,SOI,,,
Soulblade Djinn,PRE,,ORI,,,
Soulfire Grand Master,PRE,,FRF,,,
Soulflayer,PRE,,FRF,,,
Spawn of Thraxes,PRE,,JOU,,R,
Spear of the General,PRE,7a,JOU,,C,
Spell Queller,PRE,,EMN,,,
Sphinx of the Final Word,PRE,,OGW,,,
Spirit of the Hunt,PRE,,EMN,,,
Splendid Reclamation,PRE,,EMN,,,
Startled Awake,PRE,,SOI,,,
Stitcher's Graft,PRE,,EMN,,,
Stone Haven Outfitter,PRE,,OGW,,,
Stoneforge Masterwork,PRE,,OGW,,,
Stone-Tongue Basilisk,PRE,,ODY,,R,276\350
Stratus Dancer,PRE,,DTK,,,
Stromkirk Condemned,PRE,,EMN,,,
Stromkirk Occultist,PRE,,EMN,,,
Sultai Ascendancy,PRE,,KTK,,R,203\269
Summary Dismissal,PRE,,EMN,,,
Sun Titan,PRE,,M11,,M,35\249
Sunbringer's Touch,PRE,,DTK,,,
Sunken Hollow,PRE,,BFZ,,,
Sunscorch Regent,PRE,,DTK,,,
Supplant Form,PRE,,FRF,,,
Surrak Dragonclaw,PRE,,KTK,,M,206\269
Surrak Dragonclaw,PRE,,KTK,,,
"Surrak, the Hunt Caller",PRE,,DTK,,,
Sword of Kaldra,PRE,,MRD,,R,251\306
Sylvan Advocate,PRE,,OGW,,,
Talent of the Telepath,PRE,,ORI,,,
"Tamiyo, Field Researcher",PRE,,EMN,,,
Tamiyo's Journal,PRE,,SOI,,,
"Tasigur, the Golden Fang",PRE,,FRF,,,
Temur Ascendancy,PRE,,KTK,,R,207\269
Temur Ascendancy,PRE,,KTK,,,
"Thalia, Heretic Cathar",PRE,,EMN,,,
Thalia's Lancers,PRE,,EMN,,,
Thalia's Lieutenant,PRE,,SOI,,,
The Avenger,PRE,1c,THS,,C,
The General,PRE,4a,BNG,,C,
The Gitrog Monster,PRE,,SOI,,,
The Hunter,PRE,1e,THS,,C,
The Philosopher,PRE,1b,THS,,C,
The Protector,PRE,1a,THS,,C,
The Provider,PRE,4e,BNG,,C,
The Savant,PRE,4b,BNG,,C,
The Tyrant,PRE,4c,BNG,,C,
The Warmonger,PRE,4d,BNG,,C,
The Warrior,PRE,1d,THS,,C,
Thing in the Ice,PRE,,SOI,,,
Thopter Spy Network,PRE,,ORI,,,
Thought-Knot Seer,PRE,,OGW,,,
Thousand Winds,PRE,,KTK,,R,58\269
Thunderbreak Regent,PRE,,DTK,,,
Tireless Tracker,PRE,,SOI,,,
To the Slaughter,PRE,,SOI,,,
Torrent Elemental,PRE,,FRF,,,
Tragic Arrogance,PRE,,ORI,,,
Trail of Mystery,PRE,,KTK,,R,154\269
Trap Essence,PRE,,KTK,,R,209\269
Traverse the Ulvenwald,PRE,,SOI,,,
Treasury Thrull,PRE,,GTC,,R,201\249
Tree of Perdition,PRE,,EMN,,,
Triskaidekaphobia,PRE,,SOI,,,
Tyrant of Valakut,PRE,,OGW,,,
Ugin's Insight,PRE,,BFZ,,,
"Ulamog, the Ceaseless Hunger",PRE,,BFZ,,,
Ulrich of the Krallenhorde,PRE,,EMN,,,
Ulrich of the Krallenhorde,PRE,,EMN,,,
"Ulrich, Uncontested Alpha",PRE,,EMN,,,
Ulvenwald Hydra,PRE,,SOI,,,
Ulvenwald Observer,PRE,,EMN,,,
Undergrowth Champion,PRE,,BFZ,,,
Utter End,PRE,,KTK,,R,210\269
Vampire Nocturnus,PRE,,M10,,M,118\149
Veteran Warleader,PRE,,BFZ,,,
Vile Redeemer,PRE,,OGW,,,
Villainous Wealth,PRE,,KTK,,,
Villanous Wealth,PRE,,KTK,,R,211\269
Void Winnower,PRE,,BFZ,,,
Volcanic Vision,PRE,,DTK,,,
Voldaren Pariah,PRE,,EMN,,,
Vryn Wingmare,PRE,,ORI,,,
Wandering Fumarole,PRE,,OGW,,,
Warden of the First Tree,PRE,,FRF,,,
Wasteland Strangler,PRE,,BFZ,,,
Welcome to the Fold,PRE,,SOI,,,
Westvale Abbey,PRE,,SOI,,,
Wharf Infiltrator,PRE,,EMN,,,
Wildcall,PRE,,FRF,,,
Willbreaker,PRE,,ORI,,,
Wolf,PRE,,M15,,T,1\1
Wolf of Devil's Breach,PRE,,SOI,,,
Woodland Wanderer,PRE,,BFZ,,,
World Breaker,PRE,,OGW,,,
Wren's Run Packmaster,PRE,,LRW,,R,244\301
Wurmcoil Engine,PRE,,SOM,,M,223\249
Xathrid Gorgon,PRE,,M13,,R,
Yasova Dragonclaw,PRE,,FRF,,,
"Zada, Hedron Grinder",PRE,,BFZ,,,
Zendikar Resurgent,PRE,,OGW,,,
Zombie,PRE,,EMN,,,
Zurgo Bellstriker,PRE,,DTK,,,
Zurgo Helmsmasher,PRE,,KTK,,M,214\269
Ancestral Recall,PRM,1,VCP,,R,1\1
Ancestral Recall,PRM,2,MIN,,R,1\1
Black Lotus,PRM,,VCP,,R,1\1
Brainstorm,PRM,,VCP,,R,1\1
Force of Will,PRM,,VCP,,R,1\1
Gaea's Cradle,PRM,,MIN,,M,1\1
Mox Emerald,PRM,1,VCP,,R,1\1
Mox Emerald,PRM,2,MIN,,M,1\1
Mox Jet,PRM,,VCP,,R,1\1
Mox Pearl,PRM,1,VCP,,R,1\1
Mox Pearl,PRM,2,MIN,,M,1\1
Mox Ruby,PRM,,VCP,,R,1\1
Mox Sapphire,PRM,,VCP,,R,1\1
Time Walk,PRM,,VCP,,R,1\1
Timetwister,PRM,1,VCP,,R,1\1
Timetwister,PRM,2,VCP,,R,1\1
Tundra,PRM,,MIN,,M,1\1
Wasteland,PRM,,MIN,,U,1\1
Ajani Goldmane,PTR,,MIN,,R,
Avatar of Woe,PTR,,DCI,,R,
Eternal Dragon,PTR,,DCI,,R,
Mirari's Wake,PTR,,DCI,,R,
"Treva, the Renewer",PTR,,DCI,,R,
Ajani Vengeant,REL,,ALA,,M,151\249
Ancient Hellkite,REL,,M11,,R,122\249
Angel of Deliverance,REL,,SOI,,,
Ant Queen,REL,,M10,,R,166\249
Ass Whuppin',REL,,UNH,,R,117\140
Azorius Guildmage,REL,,DIS,,U,141\180
Bident of Thassa,REL,,THS,,R,42\249
Bird,REL,,9ED,,,
Blight Herder,REL,,BFZ,,R,2\274
Breaking,REL,,DGM,,R,124\156
Breaking/Entering,REL,,DGM,,R,124\156
Budoka Pupil,REL,,BOK,,U,122\165
Celestine Reef,REL,,DCI,,R,42 DCI
Colossal Whale,REL,,M14,,R,48\249
Deadbridge Goliath,REL,,RTR,,R,120\274
Deathbringer Regent,REL,,DTK,,R,96\264
Dictate of the Twin Gods,REL,,JOU,,R,93\36
Dimir Guildmage,REL,,RAV,,U,245\306
Dragon Throne of Tarkir,REL,,KTK,,R,219\269
Earwig Squad,REL,,MOR,,R,60\150
Endbringer,REL,,OGW,,R,3\184
Entering,REL,,DGM,,R,124\156
Figure of Destiny,REL,,EVE,,R,139\180
Force of Nature,REL,,9ED,,R,242\350
Garruk's Horde,REL,,M12,,R,176\249
Ghost-Lit Raider,REL,,SOK,,U,99\165
Gruul Guildmage,REL,,GPT,,U,144\165
Hedge Troll,REL,,PLC,,U,151\165
Identity Thief,REL,,EMN,,,
In Garruk's Wake,REL,,M15,,R,100\269
Joraga Warcaller,REL,,WWK,,R,106\145
Knight of New Alara,REL,,ALA,,R,70\145
Lord of Shatterskull Pass,REL,,ROE,,R,156\248
Ludevic’s Abomination,REL,,ISD,,R,64b\264
Ludevic's Test Subject,REL,,ISD,,R,64a\264
Magister of Worth,REL,,CNS,,R,48\36
Marit Lage,REL,,CSP,,R,
Mizzium Meddler,REL,,ORI,,R,64\274
Mondronen Shaman,REL,,DKA,,R,98\36
Obelisk of Alara,REL,,CFX,,R,140\145
Phyrexian Metamorph,REL,,NPH,,R,42\175
Plots That Span Centruies,REL,,DCI,,R,54 DCI
Restoration Angel,REL,,AVR,,R,32\244
Rukh Egg,REL,,8ED,,R,216\36
Sandsteppe Mastodon,REL,,FRF,,R,137\185
Shivan Dragon,REL,,9ED,,R,219\350
Shriekmaw,REL,,LRW,,U,139\301
Skarrg Goliath,REL,,GTC,,R,133\249
Staff of Nin,REL,,M13,,R,217\249
Stairs to Infinity,REL,,PC2,,R,Pl Planechase
Steel Hellkite,REL,,SOM,,R,205\249
Storm Entity,REL,,FUT,,U,122\180
Sudden Shock,REL,,TSP,,U,179\301
Sun Titan,REL,,M11,,M,35\249
Tazeem,REL,,DCI,,R,41 DCI
The Destined,REL,8,JOU,,C,
The Explorer,REL,5,BNG,,C,
The Harvester,REL,2,THS,,C,
Thopter Assembly,REL,,MBS,,R,140\155
Tolvar's Magehunter,REL,,DKA,,R,
Tromokratis,REL,,BNG,,R,55\165
"Valakut, the Molten Pinnacle",REL,,ZEN,,R,228\249
Vexing Shusher,REL,,SHM,,R,222\301
Faerie Conclave,SUM,,10E,,U,
Treetop Village,SUM,,10E,,U,
Underworld Dreams,THG,,DCI,,R,
1996 World Champion,URC,,,,,
Robot Chicken,URC,,UGL,,M,42/1138
Balduvian Horde,WLD,,6ED,,R,
Aprupt Decay,WMC,Seb McKinnon,MIN,,R,1\1
Geist of Saint Traft,WMC,,MIN,,M,1\1
"Thalia, Guardian of Thraben",WMC,,MIN,,R,1\1
Vengevine,WMC,,MIN,,M,1\1
Ainok Tracker,UGF,,KTK,,C,
Altar of the Brood,UGF,,KTK,,R,216\269
Arashin War Beast,UGF,,FRF,,U,
Arc Lightning,UGF,,KTK,,,
Briber's Purse,UGF,,KTK,,,
Debilitating Injury,UGF,,KTK,,,
Dragonscale Boon,UGF,,KTK,,,
Fierce Invocation,UGF,,FRF,,,
Formless Nurturing,UGF,,FRF,,,
Ghostfire Blade,UGF,,KTK,,,
Grim Haruspex,UGF,,KTK,,,
Hewed Stone Retainers,UGF,,FRF,,,
Jeering Instigator,UGF,,KTK,,,
Jeskai Infiltrator,UGF,,FRF,,,
Mastery of the Unseen,UGF,,FRF,,,
Mystic of the Hidden Way,UGF,,KTK,,,
Reality Shift,UGF,,FRF,,,
Ruthless Ripper,UGF,,KTK,,,
Smite the Monstrous,UGF,,KTK,,,
Soul Summons,UGF,,FRF,,,
Sultai Emissary,UGF,,FRF,,,
"Ugin, the Spirit Dragon",UGF,,FRF,,,
Ugin's Construct,UGF,,FRF,,,
Watcher of the Roost,UGF,,KTK,,,
Wildcall,UGF,,FRF,,,
Write into Being,UGF,,FRF,,,